<?xml version="1.0" encoding="UTF-8"?>

<project name="ANTLR v3 Maven plugin">

  <publishDate position="left"/>
  <version position="left"/>

  <poweredBy>
    <logo name="ANTLR Web Site" href="http://antlr3.org/"
          img="http://www.antlr.org/wiki/download/attachments/292/ANTLR3"/>
  </poweredBy>

  <body>
    <links>
      <item name="Antlr Web Site" href="http://www.antlr3.org/"/>
    </links>

    <menu name="Overview">
      <item name="Introduction" href="index.html"/>
      <item name="Goals" href="plugin-info.html"/>
      <item name="Usage" href="usage.html"/>
      <item name="FAQ" href="faq.html"/>
    </menu>

    <menu name="Examples">
      <item name="Simple configurations" href="examples/simple.html"/>
      <item name="Using library directories" href="examples/libraries.html"/>
      <item name="Using imported grammars" href="examples/import.html"/>
    </menu>

    <menu ref="reports" />
    <menu ref="modules" />

  </body>
</project>
